State,year,Served,InCare_Sep30,Entered,Exited,Waiting_Adoption,parental_rights_terminated,adopted
Alabama,FY 2009,9677,6178.999999999995,3080.000000000002,3498.0000000000077,1475,882.0000000000028,638.0000000000018
Alabama,FY 2010,8118.999999999999,5349.999999999972,3063,2769.9999999999914,1271.0000000000014,756.9999999999932,605.9999999999959
Alabama,FY 2011,8394.99999999999,5252.999999999992,3256.999999999999,3142.9999999999955,1297.0000000000023,701.0000000000003,446.99999999999926
Alabama,FY 2012,7907,4561.000000000001,2763.000000000007,3346.0000000000073,1155.9999999999998,542.9999999999993,587.0000000000031
Alabama,FY 2013,7322.000000000005,4434.999999999998,3040.999999999994,2888.000000000006,1083.999999999996,615.000000000001,532.0000000000015
Alabama,FY 2014,7520,4525.9999999999845,3191.9999999999973,2994.0000000000027,1043.9999999999973,572.9999999999982,544.0000000000009
Alabama,FY 2015,7989,4745.000000000016,3604.9999999999995,3243.999999999999,1020.0000000000042,460.9999999999982,511.9999999999993
Alabama,FY 2016,8380.999999999993,5053.0000000000055,3771.9999999999964,3328.999999999996,1074.9999999999955,420.9999999999994,502.99999999999926
Alabama,FY 2017,9012.000000000004,5630.999999999988,4095.000000000012,3381.9999999999964,1268.0000000000002,533.0000000000028,504.00000000000057
Alabama,FY 2018,9512,5929.999999999982,4062.000000000004,3582.000000000009,1346.0000000000039,514.000000000003,712.0000000000011
Alaska,FY 2009,2845,1877.0000000000025,916.0000000000013,968.0000000000018,719.9999999999981,407.00000000000034,330.00000000000097
Alaska,FY 2010,2750,1791.0000000000007,887.0000000000019,959.0000000000013,696.0000000000001,380.9999999999986,336.000000000001
Alaska,FY 2011,2669,1835.0000000000005,913.0000000000014,834.0000000000006,719.9999999999982,389,292.9999999999998
Alaska,FY 2012,2727,1853.9999999999975,916,873.0000000000016,804.9999999999999,386.9999999999996,308.99999999999983
Alaska,FY 2013,2842,1982.0000000000002,1017.9999999999991,860.0000000000017,865.9999999999986,399.0000000000012,328.00000000000006
Alaska,FY 2014,3109,2189.9999999999945,1162.0000000000016,919.0000000000001,703.9999999999991,366.0000000000008,366.99999999999864
Alaska,FY 2015,3659,2652.9999999999977,1512.9999999999955,1005.9999999999978,782.9999999999995,356.00000000000045,357.0000000000011
Alaska,FY 2016,3864,2819.999999999999,1335.9999999999957,1044.0000000000005,947.0000000000001,424.99999999999994,313.00000000000006
Alaska,FY 2017,4107,2766.0000000000036,1328.0000000000016,1340.9999999999989,1039.0000000000016,401.0000000000011,366.0000000000007
Alaska,FY 2018,4040,2792.0000000000027,1337.0000000000036,1247.999999999997,1003.9999999999998,384.00000000000057,354.00000000000045
Arizona,FY 2009,16929,9423.000000000033,7526.000000000017,7505.999999999983,2792.0000000000005,2264.999999999996,1705.9999999999925
Arizona,FY 2010,17110,9929.999999999909,7891.000000000012,7179.999999999956,2672.9999999999995,2174.0000000000036,2044.9999999999864
Arizona,FY 2011,18142,10883.000000000016,8488.00000000002,7259.00000000002,2821.9999999999773,2220.000000000005,2275.0000000000123
Arizona,FY 2012,21267,13460.999999999996,10662.999999999998,7806.000000000035,2914.0000000000027,2299.000000000005,2275.000000000009
Arizona,FY 2013,23854,14399.000000000031,10790.00000000009,9455.00000000002,3578.9999999999836,2692.0000000000064,2522.0000000000095
Arizona,FY 2014,26253,16246.000000000084,12209.00000000003,10007.00000000005,3641.0000000000377,2841.0000000000005,3089.999999999981
Arizona,FY 2015,28557,17738.00000000013,12722.00000000007,10819.00000000004,4059.9999999999895,3005.999999999995,3236.0000000000205
Arizona,FY 2016,29090,17118.000000000022,11729.000000000004,11972.000000000011,4713.000000000037,3378.9999999999936,3653.9999999999663
Arizona,FY 2017,26897,15031.000000000151,10056.99999999996,11865.999999999998,4748.999999999994,3295.0000000000055,4298.000000000004
Arizona,FY 2018,23909,13359.999999999856,9173.00000000007,10548.999999999996,4215.999999999999,2966.0000000000073,3925.9999999999927
Arkansas,FY 2009,7574,3656.999999999994,4160.999999999995,3917,850,420.9999999999992,601.0000000000008
Arkansas,FY 2010,7474,3756.0000000000036,3976.9999999999973,3717.999999999997,1603.9999999999989,812.0000000000016,597.0000000000006
Arkansas,FY 2011,7506,3732.0000000000077,3856.000000000009,3774.000000000004,1413.9999999999939,741.9999999999995,591.0000000000003
Arkansas,FY 2012,7513,3710.999999999998,3845.9999999999905,3801.9999999999995,1023.0000000000035,542.9999999999992,703.0000000000001
Arkansas,FY 2013,7411,3796.9999999999895,3798.000000000002,3614.0000000000036,993.9999999999969,641.9999999999987,690.9999999999968
Arkansas,FY 2014,7211,3806.0000000000027,3541.999999999999,3404.999999999995,1034.0000000000011,756.999999999997,743.0000000000006
Arkansas,FY 2015,7759.000000000011,4548.000000000011,4065.0000000000064,3213.0000000000027,1121.9999999999966,756.9999999999973,740.0000000000044
Arkansas,FY 2016,8285,4879.999999999996,4103.000000000009,3404.999999999996,1197.9999999999998,794.9999999999992,757.9999999999962
Arkansas,FY 2017,8544.999999999993,4775.999999999995,3777.9999999999927,3770.000000000006,1329.9999999999939,794.9999999999969,971.0000000000059
Arkansas,FY 2018,7811.0000000000055,4234.000000000012,3123,3578,1350.9999999999995,809.000000000001,1000.9999999999956
California,FY 2009,99797.0000000005,60582.99999999958,35243.0000000003,39214.99999999959,15664,8526.99999999999,7438.000000000105
California,FY 2010,92253.99999999949,56201.999999999985,33535.999999999985,36053.9999999996,14891.999999999927,7230.0000000000555,6459.000000000052
California,FY 2011,86563.00000000068,54753.99999999996,32170.99999999993,31809.99999999986,14630.000000000005,6928.000000000018,5710.000000000106
California,FY 2012,84820,54552.99999999939,31998.999999999844,30266.999999999887,13136.000000000107,6020.999999999843,5937.999999999988
California,FY 2013,86255,55383.00000000062,33756.99999999938,30871.999999999844,15666.999999999955,6562.000000000007,5540.999999999952
California,FY 2014,87087.00000000081,56771.00000000065,33696.00000000018,30317.000000000106,14096.000000000136,6378.999999999997,5470.9999999999045
California,FY 2015,87484,55983.00000000038,32205.000000000327,31501.000000000127,14179.99999999975,6616.99999999999,6078.999999999993
California,FY 2016,85896,54685.00000000004,31254.000000000196,31211.000000000422,14688.999999999936,6712.000000000005,6542.00000000013
California,FY 2017,80408,51868.99999999959,28016.000000000313,28539.000000000153,15096.999999999867,7107.0000000000955,6524.000000000037
California,FY 2018,78215.00000000065,52337.00000000058,27177.99999999993,25878.999999999935,14865.999999999989,7098.000000000048,6965.999999999989
Colorado,FY 2009,13584,7392.000000000016,6166.99999999999,6192.000000000013,1505.9999999999966,1242.9999999999984,1067.0000000000023
Colorado,FY 2010,12866,6980.000000000028,5752.999999999989,5886.000000000007,1245.999999999995,772.0000000000015,982.9999999999998
Colorado,FY 2011,11990,6487.999999999998,5299.999999999985,5502.000000000005,1098.000000000005,557.0000000000018,934.0000000000008
Colorado,FY 2012,11184,6002.999999999993,5042.000000000003,5180.99999999998,917.0000000000002,507.9999999999978,905.0000000000075
Colorado,FY 2013,10542,5850.999999999987,4820.000000000027,4690.999999999993,895.9999999999955,469.9999999999999,782.0000000000015
Colorado,FY 2014,10309,5786.999999999998,4686.000000000013,4521.9999999999945,1008.0000000000007,499.000000000001,769.0000000000002
Colorado,FY 2015,10449,5643.999999999961,4926.000000000001,4805.000000000009,925.9999999999977,530.9999999999994,820.0000000000022
Colorado,FY 2016,10629.999999999996,5733.000000000013,5277.000000000044,4898.000000000017,1037.9999999999989,567.9999999999986,839.0000000000049
Colorado,FY 2017,10577,5703.999999999982,5133.999999999991,4872.999999999994,953,514.0000000000026,948.0000000000027
Colorado,FY 2018,10283,5542.000000000007,4785.000000000001,4740.999999999998,997.000000000003,499.00000000000296,909.9999999999989
Connecticut,FY 2009,7733,4759.000000000002,2466.9999999999905,2973.9999999999955,1354.9999999999943,734.9999999999997,768.9999999999989
Connecticut,FY 2010,7127,4456.000000000017,2482.0000000000027,2671.0000000000014,1261.0000000000011,613.9999999999985,686.9999999999978
Connecticut,FY 2011,7025,4926.000000000001,2319.999999999994,2098.9999999999886,1343.9999999999977,577.0000000000002,610.999999999999
Connecticut,FY 2012,6068,4562.999999999989,1693.0000000000027,1505.000000000002,1385.0000000000014,732.0000000000005,489.9999999999995
Connecticut,FY 2013,5821,4262.999999999994,1809.999999999998,1557.9999999999939,1166.0000000000011,607.9999999999998,496.9999999999995
Connecticut,FY 2014,5407,3920.9999999999973,1825.0000000000011,1486.0000000000002,1343.0000000000011,404.9999999999987,505.9999999999984
Connecticut,FY 2015,5356,3907.999999999999,1765.0000000000055,1447.9999999999977,1196.9999999999966,380.00000000000006,572.9999999999984
Connecticut,FY 2016,5602,4119.000000000003,2040.000000000004,1482.9999999999989,1111.0000000000011,380.000000000002,528.999999999998
Connecticut,FY 2017,5662,4135.000000000003,2001.999999999993,1526.999999999998,1156.9999999999984,363.0000000000006,488.0000000000016
Connecticut,FY 2018,5785,4224.999999999993,2073.000000000003,1559.9999999999955,1235.0000000000002,380.99999999999955,496.9999999999994
Delaware,FY 2009,1369,814.0000000000009,445.00000000000006,554.9999999999998,238.99999999999977,142.9999999999999,125.00000000000009
Delaware,FY 2010,1194,738.9999999999998,410.9999999999998,454.99999999999994,253.00000000000003,148.99999999999986,66.99999999999994
Delaware,FY 2011,1266,844.9999999999997,537.0000000000001,420.99999999999994,243.99999999999994,144.99999999999994,95.00000000000006
Delaware,FY 2012,1286,799.0000000000003,484.0000000000008,486.9999999999994,243.00000000000003,148.00000000000014,91.00000000000004
Delaware,FY 2013,1160,701.9999999999994,379,457.9999999999999,218.00000000000037,112.99999999999997,112.00000000000021
Delaware,FY 2014,980,635.0000000000011,314.0000000000001,345.00000000000045,201.99999999999977,118.0000000000001,84.00000000000009
Delaware,FY 2015,1006,682.0000000000008,396.99999999999966,324.00000000000045,223,119.99999999999994,78.9999999999997
Delaware,FY 2016,1163,780.0000000000003,500.9999999999999,382.9999999999995,253.99999999999986,115.00000000000013,99.00000000000034
Delaware,FY 2017,1190,787.0000000000009,451.0000000000007,403,280.99999999999955,129.99999999999986,107.99999999999991
Delaware,FY 2018,1089,718.9999999999998,406.0000000000003,369.9999999999996,251.99999999999977,121.00000000000003,115.99999999999997
District of Columbia,FY 2009,2814,2110.999999999994,624,702.9999999999997,485.99999999999915,26.00000000000003,103.00000000000014
District of Columbia,FY 2010,2834,2066.000000000002,745.0000000000001,767.9999999999982,418.0000000000005,22,129.0000000000003
District of Columbia,FY 2011,2212,1431.0000000000011,557.9999999999999,780.9999999999992,358.9999999999997,98.00000000000003,106.00000000000027
District of Columbia,FY 2012,1902,1216,483.9999999999997,686.0000000000001,312.9999999999998,79.00000000000009,113.99999999999977
District of Columbia,FY 2013,1602,1034.0000000000016,395.9999999999997,568.0000000000006,276.00000000000006,60.999999999999915,110.00000000000011
District of Columbia,FY 2014,1407,870.9999999999999,382.9999999999998,536.0000000000003,250.99999999999986,50.00000000000001,106.99999999999991
District of Columbia,FY 2015,1294,872.9999999999997,435.00000000000034,421.99999999999994,232.9999999999997,33.00000000000003,106.00000000000017
District of Columbia,FY 2016,1248,825.9999999999997,395.0000000000004,421.99999999999966,217.00000000000026,7.000000000000014,110.00000000000023
District of Columbia,FY 2017,1131,751.0000000000002,320.99999999999994,379.99999999999966,189.99999999999991,5.999999999999997,90.99999999999996
District of Columbia,FY 2018,1068,706.9999999999995,335.9999999999998,361.0000000000002,181.00000000000003,9.999999999999993,99.99999999999994
Florida,FY 2009,35571,19161.999999999774,14331.000000000044,16409.00000000002,6363.999999999967,3299.0000000000246,3735.0000000000173
Florida,FY 2010,33322,18742.99999999995,14383.999999999924,14578.999999999996,5021.99999999998,2752.0000000000205,3390.9999999999804
Florida,FY 2011,34013,19759.99999999987,15845.999999999975,14253.000000000047,4994.000000000001,2942.999999999977,2944.999999999974
Florida,FY 2012,34868,19536.00000000006,15673.999999999967,15331.999999999945,5129.000000000069,3176.999999999986,3294.0000000000164
Florida,FY 2013,33290,18039.999999999938,14310.000000000011,15249.999999999956,3464.999999999993,3192.9999999999936,3417.0000000000414
Florida,FY 2014,33245,19712.000000000076,15803.999999999973,13533.000000000047,5558.000000000015,3643.000000000003,3267.0000000000127
Florida,FY 2015,36843,22364.000000000156,17676.999999999975,14479.000000000045,5945.000000000037,3805.0000000000127,3430.9999999999077
Florida,FY 2016,39243,23809.999999999876,17676.99999999997,15432.999999999973,6870.000000000058,4269.999999999956,3572.999999999992
Florida,FY 2017,39735,24640.99999999996,16798.99999999992,15094.000000000036,7976.99999999999,4819.000000000021,3830.999999999956
Florida,FY 2018,39909,24404.00000000021,16175.00000000015,15504.999999999956,9143.99999999999,5727.000000000031,4455.000000000028
Georgia,FY 2009,15833,8068.000000000025,5901.999999999995,7765.000000000042,1801.9999999999932,826.000000000004,1396.9999999999925
Georgia,FY 2010,13333,6894.999999999999,5469.0000000000055,6437.999999999999,1690.0000000000032,821.9999999999964,1195.9999999999905
Georgia,FY 2011,13203,7591.0000000000455,6418.999999999999,5611.999999999994,1567.0000000000023,833.9999999999977,1070.9999999999952
Georgia,FY 2012,13618.000000000031,7671.000000000015,6243.00000000001,5953.999999999996,1647.9999999999939,887.9999999999975,914.9999999999962
Georgia,FY 2013,13525.99999999998,7607.000000000035,6005.0000000000055,5934.999999999996,1799.000000000007,812.9999999999959,1030.9999999999984
Georgia,FY 2014,15011,9005.00000000005,7518.999999999989,6006.000000000027,1983.0000000000016,1170.9999999999966,886.9999999999947
Georgia,FY 2015,17447,10934.999999999993,8580.999999999993,6512.000000000013,2544.0000000000055,1055.9999999999982,912.0000000000024
Georgia,FY 2016,19312,12380.999999999955,8550.99999999998,6931.000000000011,2998.000000000015,1001.0000000000007,1120.9999999999952
Georgia,FY 2017,20037,13146.000000000031,7820.999999999935,6891.000000000001,3403.999999999998,1875.999999999989,1401.0000000000034
Georgia,FY 2018,21050,13792.999999999993,8081.9999999999845,7256.999999999968,3633.0000000000023,1899.9999999999982,1469.0000000000036
Hawaii,FY 2009,2889,1471.999999999995,1321.0000000000002,1417,428.0000000000002,401.0000000000009,279.00000000000034
Hawaii,FY 2010,2466,1234,1022.9999999999994,1231.999999999999,350.99999999999915,312.0000000000004,215.99999999999994
Hawaii,FY 2011,2240,1122.000000000001,1024.9999999999998,1117.9999999999977,296.0000000000005,266.9999999999998,198.0000000000004
Hawaii,FY 2012,2178,1078.9999999999989,1070.999999999999,1098.9999999999973,222.99999999999986,196.0000000000002,187.00000000000014
Hawaii,FY 2013,2065,1084.9999999999998,1021.9999999999999,979.9999999999986,153.99999999999972,137.0000000000002,160.0000000000004
Hawaii,FY 2014,2140,1221.0000000000034,1075.9999999999984,919.0000000000017,187.00000000000006,173.99999999999991,121.00000000000014
Hawaii,FY 2015,2338,1359.9999999999982,1189.0000000000002,977.9999999999998,141.99999999999972,119.00000000000047,176.00000000000026
Hawaii,FY 2016,2511,1605,1162.9999999999995,905.9999999999987,176.99999999999991,149.9999999999998,129.00000000000043
Hawaii,FY 2017,2697,1607.0000000000034,1179.000000000002,1090.0000000000018,247.00000000000026,235.99999999999977,152.00000000000006
Hawaii,FY 2018,2730,1687.0000000000045,1223.9999999999984,1043.0000000000014,289.99999999999955,276.00000000000006,189.00000000000017
Idaho,FY 2009,2898,1446.000000000001,1214.999999999999,1452.0000000000014,498.0000000000022,378.0000000000006,352.99999999999994
Idaho,FY 2010,2797,1462.0000000000034,1386.000000000001,1335,388.9999999999997,297.0000000000001,312.9999999999999
Idaho,FY 2011,2651,1354.0000000000027,1230.0000000000011,1297.0000000000011,334.00000000000085,261.9999999999997,258.99999999999926
Idaho,FY 2012,2410,1234,1083.999999999998,1176,278.0000000000006,185.99999999999977,273.00000000000045
Idaho,FY 2013,2437.0000000000005,1342.000000000001,1225.999999999999,1096.0000000000014,327.99999999999994,215.0000000000004,206.00000000000023
Idaho,FY 2014,2435,1208.0000000000005,1137.9999999999993,1227.000000000003,322.00000000000125,212.0000000000003,218.00000000000014
Idaho,FY 2015,2323,1351.0000000000014,1200.9999999999998,974.9999999999985,317.9999999999999,216.00000000000014,223.00000000000057
Idaho,FY 2016,2594,1517.9999999999993,1314.0000000000002,1076.0000000000005,390.0000000000006,273,185.00000000000034
Idaho,FY 2017,2686.9999999999986,1593.0000000000032,1248.9999999999986,1094.9999999999986,287.0000000000001,269,258.0000000000006
Idaho,FY 2018,2955.9999999999995,1814.000000000001,1418.9999999999995,1142.9999999999973,531.9999999999992,344.99999999999983,244.99999999999994
Illinois,FY 2009,22954.00000000018,17079.99999999989,5176.000000000004,5876.000000000001,2727.9999999999895,2419.9999999999973,1428.999999999985
Illinois,FY 2010,23853.999999999945,18255.9999999999,5464.99999999999,5628.999999999985,2953.000000000003,2611.0000000000036,1213.9999999999927
Illinois,FY 2011,21606.000000000015,17189.000000000025,4342.000000000037,4442.00000000001,3150.9999999999836,1962.9999999999993,1217.000000000001
Illinois,FY 2012,21249.999999999993,16772.00000000002,4617.000000000007,4498.999999999994,2813.0000000000146,1688.9999999999993,1803.0000000000064
Illinois,FY 2013,20684.000000000022,16893.99999999999,4647.999999999975,3802.000000000013,2988.0000000000155,1766.0000000000034,1356.0000000000084
Illinois,FY 2014,21008.999999999993,17049.000000000106,4893.000000000018,3963.9999999999613,2903.0000000000086,1638,1616.000000000011
Illinois,FY 2015,20902.99999999993,16653.9999999999,4928.999999999992,4265.999999999978,2806.0000000000073,1653.0000000000025,1787.9999999999786
Illinois,FY 2016,19997.99999999996,16113.000000000011,4455.000000000026,3992.0000000000027,2966.0000000000055,2522.000000000013,1545.999999999997
Illinois,FY 2017,19722.000000000036,15930.000000000045,4843.000000000032,3793.0000000000095,2847.9999999999914,2468.999999999995,1777.000000000001
Illinois,FY 2018,21118,16840.000000000015,5750.999999999974,4278.000000000005,2710.000000000001,2292,1753.9999999999854
Indiana,FY 2009,21161,12237.999999999935,9510.999999999976,8923.000000000004,3224.0000000000123,2059.000000000003,1484.0000000000107
Indiana,FY 2010,21157,12275.999999999936,9169.999999999936,8882.999999999978,3192.0000000000077,1979.9999999999927,1458.0000000000055
Indiana,FY 2011,19378.000000000004,10778.999999999996,7522.000000000017,8600.000000000011,2886.0000000000014,1397.000000000001,1555.9999999999995
Indiana,FY 2012,18292,11189.99999999995,7662.999999999984,7102.000000000003,2450.9999999999986,1053.000000000001,1712.9999999999918
Indiana,FY 2013,18841,12382.000000000073,7892.999999999998,6459.000000000001,2437.0000000000055,970.000000000003,961.0000000000075
Indiana,FY 2014,21257.999999999916,14452.000000000035,9106.999999999964,6813.000000000004,2731.000000000002,1022.9999999999891,849.9999999999956
Indiana,FY 2015,24935,17022.999999999978,11174.999999999973,7908.00000000001,2965.0000000000023,1225.9999999999955,1152.0000000000052
Indiana,FY 2016,29314.999999999938,19837.00000000006,12784.999999999944,9477.999999999995,3773,1197.0000000000005,1535.9999999999998
Indiana,FY 2017,32080.999999999916,20903.99999999999,12826.00000000001,11177.99999999989,4417.9999999999945,1276.0000000000157,1964.0000000000146
Indiana,FY 2018,30692.999999999993,18560.000000000055,10441.000000000027,12132.000000000024,4777.999999999962,1572.999999999999,2015.999999999994
Iowa,FY 2009,11251,6564.000000000018,4727.999999999988,4686.999999999995,1003.0000000000002,833.9999999999982,967.0000000000074
Iowa,FY 2010,11036,6533.000000000039,4724.999999999999,4502.999999999998,1067.9999999999966,811.9999999999974,800.9999999999993
Iowa,FY 2011,10709,6344.000000000021,4422.99999999998,4365,1088.0000000000036,860.999999999997,863.9999999999942
Iowa,FY 2012,10441,6262.000000000007,4323.999999999995,4178.99999999999,960.9999999999945,772.0000000000002,1031.999999999998
Iowa,FY 2013,10570,6340.999999999974,4500.0000000000155,4229.000000000002,963.9999999999967,731.0000000000005,916.999999999995
Iowa,FY 2014,10032,5977.999999999975,3907.9999999999986,4053.999999999993,1050.0000000000027,792.0000000000009,877.9999999999949
Iowa,FY 2015,9806,5993.000000000012,4006.9999999999914,3813.0000000000105,1013.9999999999982,734.0000000000003,1017.0000000000015
Iowa,FY 2016,8930,5564.999999999986,3848.000000000007,3365.000000000008,1110.9999999999982,836.9999999999964,991.9999999999967
Iowa,FY 2017,9388,5952.000000000013,4128.999999999996,3436.0000000000114,1136.9999999999998,862.9999999999997,1005.9999999999968
Iowa,FY 2018,9866,6248.999999999966,4181.0000000000055,3616.999999999989,1205.999999999995,923.9999999999999,1074.000000000004
Kansas,FY 2009,9306,5691.000000000001,3162.999999999997,3615.000000000011,1851.9999999999964,1239.9999999999982,835.9999999999968
Kansas,FY 2010,9152,5978.999999999995,3566.9999999999923,3172.999999999994,1825.0000000000014,1290.9999999999961,693.9999999999991
Kansas,FY 2011,9319,5851.999999999967,3438.9999999999873,3466.9999999999945,1816.9999999999998,1264.9999999999982,781.0000000000008
Kansas,FY 2012,9473,6002.000000000024,3724.000000000005,3470.9999999999955,1852.9999999999989,1191.9999999999993,764.0000000000013
Kansas,FY 2013,9845,6441.000000000023,3963.000000000008,3404.000000000005,1842.9999999999934,1210.0000000000039,673.9999999999987
Kansas,FY 2014,10095,6762.000000000001,3844.0000000000036,3333.0000000000105,2115.999999999999,1216.9999999999966,694.9999999999981
Kansas,FY 2015,10597,7222.999999999994,3984.0000000000023,3373.9999999999845,2339.999999999996,1285.9999999999902,783.0000000000047
Kansas,FY 2016,10930,7302.000000000005,3880.0000000000073,3627.9999999999936,2392.000000000001,1481.0000000000073,870.0000000000006
Kansas,FY 2017,11138,7752.999999999988,3997.0000000000114,3384.9999999999955,2582.9999999999995,1667.0000000000014,673.9999999999983
Kansas,FY 2018,11764,8067.999999999995,4226.999999999997,3696.000000000003,2615.99999999999,1810.9999999999943,936.0000000000005
Kentucky,FY 2009,12306,6871.999999999983,5386.999999999999,5433.999999999998,2048.0000000000023,1151.000000000001,842.0000000000016
Kentucky,FY 2010,12115,6983.000000000045,5500.000000000002,5132.000000000015,1951.0000000000086,1232.000000000002,753.9999999999998
Kentucky,FY 2011,11767,6659.0000000000055,5119.999999999991,5108.000000000016,1917.9999999999995,1095.0000000000005,823.9999999999984
Kentucky,FY 2012,11864,6978.999999999935,5627.000000000015,4884.999999999987,1998.9999999999952,1172.999999999999,784.0000000000001
Kentucky,FY 2013,12173,7162.000000000003,5539.999999999991,5010.999999999979,2223.9999999999977,1179.000000000002,796.9999999999982
Kentucky,FY 2014,12631,7506.000000000003,5766.000000000007,5125.00000000001,2420.0000000000036,1243.0000000000025,908.9999999999957
Kentucky,FY 2015,12546,7538.000000000003,5383.000000000001,5008.000000000002,2578.999999999988,1439.000000000002,961.0000000000003
Kentucky,FY 2016,13027,7738.99999999995,5698.000000000014,5287.999999999983,2605.999999999996,1456.9999999999989,1104
Kentucky,FY 2017,13555,8146.000000000031,6009.000000000011,5409,2694.999999999997,1664.9999999999986,1128.0000000000023
Kentucky,FY 2018,15348,9354.999999999958,7492.000000000006,5992.999999999996,2834.0000000000136,1594.0000000000027,1124.0000000000052
Louisiana,FY 2009,8460.999999999989,4785.999999999996,3630.999999999995,3682.9999999999914,1092.9999999999995,735.9999999999989,577.999999999996
Louisiana,FY 2010,8101,4452.999999999994,3343.999999999997,3647.999999999994,1090.9999999999975,726.9999999999977,640.9999999999981
Louisiana,FY 2011,8069,4531.000000000014,3730.9999999999973,3538.000000000001,1161.9999999999961,809.0000000000007,640.999999999998
Louisiana,FY 2012,7513.000000000004,4044.0000000000186,3131.0000000000027,3469.9999999999945,1088.9999999999966,673.9999999999999,655.0000000000011
Louisiana,FY 2013,7384,3954.9999999999845,3474.9999999999973,3429,960.9999999999949,554.0000000000017,730.999999999997
Louisiana,FY 2014,7909.999999999996,4328.999999999983,4079.999999999979,3612.9999999999927,1032.999999999999,593.0000000000006,621.9999999999987
Louisiana,FY 2015,8293.00000000001,4544.999999999984,4098.9999999999945,3765.9999999999923,1219.999999999991,543.9999999999992,662.0000000000035
Louisiana,FY 2016,8145.000000000014,4460.999999999997,3729,3714.999999999992,1296.9999999999998,576.9999999999993,726.9999999999965
Louisiana,FY 2017,7904,4459.999999999993,3527.0000000000196,3443.9999999999986,1378.0000000000048,678,765.9999999999997
Louisiana,FY 2018,8020,4561.999999999984,3654.0000000000045,3457.999999999998,1395,669,905.0000000000055
Maine,FY 2009,2605,1646.0000000000082,753.0000000000015,959.0000000000026,571.0000000000002,513.9999999999991,323.0000000000014
Maine,FY 2010,2387,1545.9999999999998,760.0000000000005,841,575,489.99999999999966,276.0000000000011
Maine,FY 2011,2081,1295.999999999999,551.9999999999991,785.0000000000002,511.0000000000015,448.9999999999996,296.0000000000005
Maine,FY 2012,2179,1511.9999999999995,910.9999999999983,666.9999999999987,480.00000000000085,404,291.0000000000002
Maine,FY 2013,2453,1787.0000000000002,961.999999999998,666.0000000000005,563.9999999999999,500.99999999999983,214.00000000000003
Maine,FY 2014,2652,1863.9999999999977,915.9999999999989,788.0000000000009,589.9999999999999,509.99999999999807,295.0000000000002
Maine,FY 2015,2763,1873.0000000000011,901.999999999998,890.000000000001,665.9999999999991,566.9999999999999,327.99999999999994
Maine,FY 2016,2758,1837.000000000004,915.9999999999998,921.0000000000007,646.9999999999992,556.0000000000006,398.9999999999996
Maine,FY 2017,2651,1584.0000000000002,820.0000000000003,1067.0000000000007,575.9999999999994,501.9999999999996,455.9999999999997
Maine,FY 2018,2651,1768.000000000001,1080.000000000002,882.9999999999997,482.0000000000009,428.0000000000009,395
Maryland,FY 2009,10330,7064.9999999999945,2786.9999999999973,3265.000000000006,1221.0000000000023,365.9999999999991,733.9999999999993
Maryland,FY 2010,9747,6098.000000000002,2793.000000000001,3648.9999999999914,883.0000000000045,235.99999999999974,643.9999999999978
Maryland,FY 2011,8627,5460.0000000000055,2805.9999999999986,3167.0000000000073,772,238.00000000000077,539.0000000000001
Maryland,FY 2012,7931,4884.000000000007,2653.0000000000036,3047.0000000000023,559.0000000000013,163.99999999999994,455.0000000000002
Maryland,FY 2013,7061,4467,2301.999999999995,2594.0000000000023,497.9999999999988,145,354.99999999999886
Maryland,FY 2014,6429,4032.0000000000005,2097.000000000008,2396.999999999999,464.00000000000057,128.99999999999997,344.0000000000014
Maryland,FY 2015,6045,3914.00000000001,2113.9999999999977,2131.000000000007,507.99999999999903,151.00000000000017,294.0000000000005
Maryland,FY 2016,6017,3841.0000000000064,2250,2176.0000000000023,468.00000000000273,161.99999999999997,360.9999999999993
Maryland,FY 2017,6119,3922.9999999999905,2366.0000000000055,2196.000000000002,481.0000000000004,159.00000000000043,348.0000000000012
Maryland,FY 2018,6210,3973.000000000016,2412.9999999999977,2237.000000000008,384.99999999999966,146.99999999999963,352.9999999999998
Massachusetts,FY 2009,16326,9651.999999999989,6173.999999999971,6674.000000000017,2839.0000000000086,1500.0000000000064,789.9999999999998
Massachusetts,FY 2010,14919,8957.99999999993,5516.000000000003,5960.999999999976,2757.9999999999845,1517.9999999999952,724.9999999999958
Massachusetts,FY 2011,14083,8619.00000000001,5370.999999999993,5464.000000000019,2675.000000000007,1494.9999999999995,724.000000000002
Massachusetts,FY 2012,13640,8522.000000000011,5300.0000000000055,5118.000000000004,2469.000000000004,1328.9999999999986,753.9999999999989
Massachusetts,FY 2013,13652,8536.999999999942,5425.000000000009,5114.999999999975,2492.000000000003,1126.0000000000007,799.0000000000024
Massachusetts,FY 2014,15002,9936.99999999997,6687.99999999998,5064.999999999994,2770.9999999999927,1177.9999999999943,589.0000000000011
Massachusetts,FY 2015,15947,10277.999999999996,6250.000000000043,5668.999999999975,3050.999999999999,1218.9999999999932,623.0000000000033
Massachusetts,FY 2016,16679,10910.000000000055,6660.9999999999845,5768.999999999986,3481.000000000012,1251.0000000000002,668.9999999999937
Massachusetts,FY 2017,16752,10915.999999999969,6103.000000000017,5836.000000000007,3656.000000000014,1427.0000000000043,657.0000000000074
Massachusetts,FY 2018,16456,10612.000000000027,5788.999999999976,5844.00000000002,3381.000000000002,1670.9999999999884,826.000000000005
Michigan,FY 2009,27903.00000000002,17723.000000000055,7863.000000000001,10181.99999999998,4902.000000000004,4761.000000000009,3209.0000000000055
Michigan,FY 2010,25709.999999999978,16424.000000000007,8192.000000000016,9285.99999999999,5234.99999999997,4316.999999999997,2597.0000000000005
Michigan,FY 2011,23586.999999999938,15091.000000000193,7392.000000000025,8501.999999999973,4237.000000000003,3613.000000000009,2506.0000000000173
Michigan,FY 2012,22387.999999999956,14521.999999999944,7144.999999999951,7868.999999999955,3585.999999999992,3130.9999999999973,2558.9999999999804
Michigan,FY 2013,22261,14615.000000000045,7715.999999999984,7645.999999999998,3337.000000000035,2819.000000000007,2373.999999999992
Michigan,FY 2014,21175.99999999997,13512.000000000064,7792.999999999988,7666.00000000003,3457.0000000000055,3058.0000000000036,2184.000000000003
Michigan,FY 2015,19401.999999999993,11976.999999999964,6217.000000000005,7427,3408.0000000000155,3118.999999999994,1771.9999999999916
Michigan,FY 2016,18194,11598.99999999988,6511.999999999978,6594.999999999955,3416.000000000014,3082.9999999999804,2077.999999999961
Michigan,FY 2017,18230,11917.999999999976,6853.999999999998,6312.000000000014,3646.00000000001,3219.999999999993,1969.9999999999993
Michigan,FY 2018,18105,12120.999999999964,6207.999999999973,5984.000000000031,3897.9999999999986,3388.9999999999854,1990.9999999999907
Minnesota,FY 2009,11691.000000000007,5410.000000000013,5998.999999999995,6283,1227.0000000000034,1137.0000000000034,660.0000000000033
Minnesota,FY 2010,10782,5063.000000000002,5680.999999999974,5718.999999999994,1074.0000000000068,1002.9999999999993,627.0000000000023
Minnesota,FY 2011,10711,5084.999999999997,5911,5625.999999999998,1142.9999999999989,960.9999999999998,571.9999999999994
Minnesota,FY 2012,10729,5329.999999999987,5948.0000000000155,5398.999999999993,1190.9999999999945,1008.0000000000002,519.9999999999983
Minnesota,FY 2013,11114,5641.000000000002,6058.999999999992,5472.999999999995,1219.0000000000014,1110.0000000000005,582.9999999999991
Minnesota,FY 2014,11564,6324.000000000041,6211.99999999996,5240.00000000001,1188.0000000000023,1126.0000000000005,642.0000000000017
Minnesota,FY 2015,12961,7610.000000000007,6911,5351.000000000009,1285.0000000000002,1224.999999999998,734.9999999999995
Minnesota,FY 2016,14581,8792.999999999984,7276.999999999975,5788.000000000006,1540.9999999999993,1456.9999999999989,899.0000000000013
Minnesota,FY 2017,15876,9651.000000000031,7408.000000000039,6225.000000000002,1989.9999999999993,1848.0000000000014,946.0000000000063
Minnesota,FY 2018,16042,9270.99999999994,6743.000000000025,6770.999999999974,2025.9999999999943,1851.999999999998,1284.0000000000036
Mississippi,FY 2009,5384,3320.000000000005,2107.000000000003,2064.000000000003,975.0000000000005,512.0000000000003,306.0000000000004
Mississippi,FY 2010,5887,3582.000000000001,2576.9999999999977,2305.000000000002,843.0000000000016,450.9999999999992,354.9999999999984
Mississippi,FY 2011,5955,3596.999999999993,2367.999999999995,2357.9999999999986,880.0000000000022,458.9999999999997,358.000000000001
Mississippi,FY 2012,5999,3699.0000000000055,2423.9999999999995,2300.0000000000027,954.9999999999962,387.99999999999966,425.00000000000244
Mississippi,FY 2013,6119,3779.000000000012,2509.0000000000005,2340.000000000001,1000.0000000000023,352.9999999999991,351.99999999999915
Mississippi,FY 2014,6766,4379.999999999986,3054.0000000000014,2386.0000000000023,1183.9999999999986,356.0000000000004,314.00000000000034
Mississippi,FY 2015,7371,4772.999999999995,3081.999999999993,2598.0000000000023,1436.9999999999952,412.0000000000004,312.00000000000125
Mississippi,FY 2016,8396,5486.000000000028,3694.9999999999973,2909.9999999999977,1552.9999999999968,444.99999999999795,400.000000000003
Mississippi,FY 2017,8330,5440.000000000009,3194.999999999984,2890.0000000000064,1866.9999999999957,154.00000000000006,363.99999999999903
Mississippi,FY 2018,7882.000000000011,4702.999999999996,2520.000000000002,3181.000000000008,1730.0000000000027,103.00000000000028,431.0000000000012
Missouri,FY 2009,12697,7794.999999999986,5173.0000000000155,4902.000000000026,2214.000000000002,1140.999999999996,1165.0000000000005
Missouri,FY 2010,13744,8687,5790.999999999987,5056.999999999959,1992.000000000005,1007.9999999999975,1169.9999999999964
Missouri,FY 2011,14638.999999999996,9219.999999999962,5911.0000000000055,5420.000000000002,2055.999999999999,976,1211.9999999999911
Missouri,FY 2012,15460.000000000016,9984.999999999987,6194.999999999989,5475.999999999986,2067.000000000016,854.0000000000015,1227.9999999999993
Missouri,FY 2013,16191,10623.999999999953,6401.000000000008,5566.999999999995,2162.000000000002,862.0000000000008,1232.9999999999936
Missouri,FY 2014,17760.000000000015,11833.999999999973,7120.999999999981,5926.9999999999845,2325.0000000000027,763.9999999999989,1290.9999999999927
Missouri,FY 2015,18678.000000000015,12159.999999999998,6906.000000000003,6518.999999999986,2513.0000000000014,698.000000000003,1357.000000000004
Missouri,FY 2016,19332,12407.999999999973,7350.000000000006,6924.000000000003,2583.999999999986,764.000000000001,1590.9999999999986
Missouri,FY 2017,19030,12390.000000000002,6774.000000000026,6639.999999999995,2824.9999999999873,839.9999999999986,1540.9999999999939
Missouri,FY 2018,19218,12658.99999999992,6962.999999999977,6558.999999999994,2783.000000000007,863.9999999999967,1798.0000000000068
Montana,FY 2009,2578,1638.9999999999998,976.0000000000005,939.0000000000006,536.9999999999991,439.9999999999999,191.99999999999997
Montana,FY 2010,2614,1723.000000000002,958.0000000000014,890.9999999999998,495.00000000000006,349.9999999999997,191.00000000000006
Montana,FY 2011,2771,1794.0000000000005,1041.0000000000005,976.9999999999999,460.00000000000006,314.0000000000001,237.99999999999946
Montana,FY 2012,3065.9999999999995,1936.9999999999975,1298.000000000001,1130.999999999999,402.99999999999994,292.00000000000034,225.0000000000003
Montana,FY 2013,3397,2232.0000000000014,1433.9999999999998,1164.9999999999993,497.9999999999995,368.9999999999992,165.00000000000054
Montana,FY 2014,3602,2345.0000000000005,1392.0000000000034,1257.0000000000002,586.9999999999989,447.0000000000001,234.00000000000065
Montana,FY 2015,4232,2806.9999999999923,1940.0000000000018,1425.0000000000002,580.0000000000025,384.9999999999997,310.0000000000004
Montana,FY 2016,4924,3366.000000000005,2151.0000000000027,1557.9999999999955,632.9999999999975,438.99999999999955,260.0000000000014
Montana,FY 2017,5682,3852.999999999999,2361.000000000004,1828.9999999999973,831.0000000000015,556.0000000000016,274.0000000000011
Montana,FY 2018,6097.999999999998,3946.0000000000027,2312.0000000000064,2154.0000000000005,976.9999999999998,687.0000000000011,396.000000000002
Nebraska,FY 2009,8962,5342.999999999999,3563.0000000000105,3618.999999999992,830.9999999999999,536.9999999999993,587.9999999999973
Nebraska,FY 2010,8552,5357.999999999982,3373.0000000000027,3193.9999999999886,768.0000000000008,460.0000000000019,436.9999999999978
Nebraska,FY 2011,8362,5117.000000000027,3150.999999999998,3245.0000000000023,830.9999999999974,486.00000000000006,413.000000000003
Nebraska,FY 2012,8055,5115.999999999995,2806.0000000000036,2938.999999999993,903.9999999999995,555.0000000000001,416.9999999999992
Nebraska,FY 2013,7749,4560.999999999991,2707.9999999999973,3187.999999999998,704.9999999999997,407.0000000000014,585.9999999999964
Nebraska,FY 2014,6339,3666.0000000000014,2203.9999999999977,2673.0000000000027,692.0000000000006,462.9999999999984,460.9999999999988
Nebraska,FY 2015,5956,3725.000000000003,2351,2231.000000000004,708.9999999999993,454.99999999999824,532.9999999999993
Nebraska,FY 2016,6186,4012.0000000000095,2521.0000000000055,2174.0000000000086,714.9999999999993,463.00000000000136,482.9999999999985
Nebraska,FY 2017,6564,4194.999999999991,2644.000000000007,2368.9999999999986,771.0000000000007,451.00000000000165,546.0000000000013
Nebraska,FY 2018,5962,3524.000000000003,1868.9999999999989,2438.000000000003,816.9999999999999,497.0000000000002,564.0000000000013
Nevada,FY 2009,7875,4782.999999999991,2915.0000000000073,3092.0000000000005,2097.999999999999,957.0000000000007,525.0000000000008
Nevada,FY 2010,7635,4807.000000000003,2882.999999999989,2827.9999999999964,2094.000000000013,1086.9999999999943,643.9999999999962
Nevada,FY 2011,7525,4637.999999999987,2777.9999999999995,2887,1970.0000000000002,938.0000000000014,821.0000000000022
Nevada,FY 2012,7705,4744.999999999994,3125.000000000003,2959.9999999999927,1879.9999999999993,859.0000000000009,776.0000000000006
Nevada,FY 2013,8029,4776.000000000007,3382.000000000001,3252.9999999999986,1957,720.9999999999992,728.9999999999989
Nevada,FY 2014,7793,4542.999999999998,3343.0000000000005,3249.9999999999964,2067.0000000000027,691.0000000000024,728.9999999999992
Nevada,FY 2015,7634,4489.000000000004,3491.000000000003,3144.999999999993,1999.0000000000107,694.9999999999978,798.9999999999985
Nevada,FY 2016,7822,4265.999999999984,3414.999999999991,3556.0000000000014,1618.9999999999984,691.9999999999989,795.9999999999991
Nevada,FY 2017,7553,4408.000000000008,3367.0000000000127,3145.0000000000086,1671.999999999994,755.9999999999983,740.000000000005
Nevada,FY 2018,7497,4531.999999999989,3153.9999999999986,2965.0000000000055,1663.9999999999998,778.999999999999,760.0000000000018
New Hampshire,FY 2009,1446,906.0000000000013,487.9999999999993,539.9999999999999,273.99999999999966,73,135.0000000000005
New Hampshire,FY 2010,1368,839.0000000000003,522.0000000000003,528.9999999999993,226.99999999999991,63.999999999999936,172.99999999999986
New Hampshire,FY 2011,1216,742,494.99999999999983,473.9999999999997,167.00000000000003,25.00000000000002,143.99999999999974
New Hampshire,FY 2012,1166,767.9999999999993,535.0000000000001,397.999999999999,181.99999999999994,21.000000000000014,96.00000000000007
New Hampshire,FY 2013,1282,850,599.9999999999997,431.9999999999994,188.9999999999999,21.00000000000001,110.00000000000021
New Hampshire,FY 2014,1464.999999999999,890.000000000001,524.0000000000002,580,166.99999999999983,39.999999999999964,120.00000000000024
New Hampshire,FY 2015,1597,1032.0000000000002,713.000000000001,565.0000000000002,176.99999999999994,76.00000000000011,118.00000000000031
New Hampshire,FY 2016,1810,1205.9999999999993,846.0000000000009,603.999999999999,168.00000000000017,78.00000000000006,87.00000000000021
New Hampshire,FY 2017,2026,1460.9999999999989,924.9999999999992,565.0000000000005,208.00000000000009,108.99999999999984,106.99999999999986
New Hampshire,FY 2018,2255,1530.9999999999998,867.9999999999998,723.9999999999993,128.99999999999994,24.00000000000003,203.99999999999937
New Jersey,FY 2009,13170.000000000022,7803.000000000032,4816.000000000014,5443.000000000011,2693.9999999999914,934.9999999999986,1347.9999999999968
New Jersey,FY 2010,12080.000000000031,6891.999999999982,4653.000000000008,5238.9999999999845,2463.999999999998,969.0000000000014,1274.9999999999973
New Jersey,FY 2011,11214.999999999995,6440.00000000001,4534.999999999995,4811.000000000021,2294,688.9999999999997,1089.0000000000068
New Jersey,FY 2012,11582.000000000015,6848.000000000003,5253.000000000006,4766.999999999988,2226.999999999999,736.0000000000007,1023.0000000000011
New Jersey,FY 2013,12042.999999999989,6945.99999999997,5361.0000000000255,5136.0000000000255,2442.9999999999995,762.0000000000013,927.0000000000024
New Jersey,FY 2014,11847.000000000016,7138.000000000029,5055.999999999976,4741.999999999997,2592.999999999999,869.0000000000045,1024.0000000000007
New Jersey,FY 2015,11617.000000000042,6873.999999999994,4594.000000000007,4759.999999999989,2698.0000000000055,958.9999999999975,1071.999999999998
New Jersey,FY 2016,11019,6526.999999999984,4270.999999999997,4505.999999999984,2566.9999999999977,990.0000000000003,1184.9999999999939
New Jersey,FY 2017,10131.00000000003,5946.000000000001,3725.9999999999964,4195.99999999999,2478.9999999999923,963.0000000000013,1106.0000000000048
New Jersey,FY 2018,9382,5526.000000000002,3540.000000000014,3862.9999999999923,2267.00000000001,997.9999999999989,1054.0000000000025
New Mexico,FY 2009,4174,1991.9999999999973,1997.0000000000027,2182.000000000001,869.9999999999999,538.9999999999993,436.99999999999756
New Mexico,FY 2010,3716,1869.0000000000027,1766.0000000000016,1846.9999999999995,777,463.9999999999993,420.0000000000005
New Mexico,FY 2011,3637,1859.0000000000061,1778.9999999999982,1778.000000000002,786.0000000000013,441.00000000000006,351.0000000000006
New Mexico,FY 2012,3558,1913.9999999999961,1722.0000000000018,1643.9999999999977,833.9999999999994,410.9999999999996,345.00000000000097
New Mexico,FY 2013,3746,2077.0000000000023,1858.0000000000014,1669.0000000000014,880.0000000000013,518.0000000000002,310.00000000000085
New Mexico,FY 2014,4174,2366.000000000007,2120.000000000004,1807.9999999999975,989.9999999999981,523.0000000000023,314.9999999999993
New Mexico,FY 2015,4126,2470.9999999999923,1794.9999999999993,1654.9999999999961,1133.9999999999993,507,295.0000000000002
New Mexico,FY 2016,4325,2609.9999999999955,1872.0000000000007,1715.0000000000018,1262.999999999997,531.0000000000008,305.9999999999996
New Mexico,FY 2017,4479.000000000001,2657.000000000005,1902.0000000000016,1823.9999999999995,1424,811.9999999999965,310.99999999999966
New Mexico,FY 2018,4299.000000000002,2508.0000000000045,1679.0000000000068,1793.0000000000018,1204.9999999999989,596.9999999999992,296.99999999999955
New York,FY 2009,41650,27991.99999999992,12875.999999999987,13657.999999999869,6889.999999999977,3398.999999999976,2397.999999999997
New York,FY 2010,40026,26783.000000000153,12604.999999999847,13243.00000000008,6603.00000000006,3348.0000000000277,2205.0000000000027
New York,FY 2011,37344,24962.0000000001,11122.00000000003,12381.999999999996,6416.999999999968,3266.000000000031,2214.0000000000205
New York,FY 2012,34541,23924.000000000073,10593.999999999956,10617.000000000064,6060.999999999998,2924.999999999982,2182.000000000031
New York,FY 2013,33526,22974.999999999814,9345.000000000044,10550.999999999973,5842.999999999986,2811.000000000023,2184.000000000006
New York,FY 2014,32276,22421.99999999986,9691.000000000038,9853.999999999982,5462.999999999995,2693.999999999996,1996.9999999999989
New York,FY 2015,29623,20985.00000000005,9007.99999999997,8638.000000000084,5182.999999999981,2745.0000000000023,1933.0000000000082
New York,FY 2016,25395,17397.999999999916,8133.999999999966,7997.0000000000155,4839.000000000004,2385.9999999999927,2010.0000000000125
New York,FY 2017,24565,17206.999999999985,8809.000000000011,7357.9999999999645,4580.99999999999,2235.9999999999873,1784.9999999999916
New York,FY 2018,23717,16384.999999999927,8054.999999999995,7332.000000000053,4238.999999999974,2098.999999999994,1790.0000000000002
North Carolina,FY 2009,14515,9546.999999999995,4970.999999999988,4968.000000000009,2721.9999999999854,1447.9999999999964,1724.999999999984
North Carolina,FY 2010,13607,8827.999999999996,4769.000000000043,4779.000000000001,2427.0000000000027,1207.9999999999968,1614.9999999999968
North Carolina,FY 2011,13404,8601.000000000002,5109.999999999993,4802.999999999987,2233.999999999994,1125.999999999997,1463.0000000000052
North Carolina,FY 2012,13163,8461.000000000011,5025.999999999966,4702.000000000016,2071.0000000000064,1010.9999999999992,1329.000000000007
North Carolina,FY 2013,13401,9036.000000000033,5299.999999999996,4365.000000000012,2172.0000000000027,974.9999999999955,1222.0000000000018
North Carolina,FY 2014,14345,9859.000000000018,5797.999999999992,4485.999999999998,2416.0000000000086,1123.0000000000027,1175.9999999999948
North Carolina,FY 2015,15011,10323.999999999907,5596.999999999997,4686.99999999999,2738.9999999999973,1210.0000000000002,1311.0000000000014
North Carolina,FY 2016,15687,10560.999999999965,6032.000000000015,5125.999999999967,2943.000000000001,1284.0000000000011,1500.9999999999975
North Carolina,FY 2017,15501,10756.000000000002,5830.000000000047,4745.000000000014,2928.999999999997,1433.999999999997,1528.00000000001
North Carolina,FY 2018,15241,10542.999999999982,5530.99999999997,4698.000000000013,2818.999999999995,1255.0000000000027,1522.0000000000125
North Dakota,FY 2009,2114,1210.0000000000027,944.0000000000013,903.9999999999993,297.99999999999983,209.99999999999977,141.9999999999998
North Dakota,FY 2010,1913,1077.9999999999993,818.9999999999994,835.0000000000002,227.00000000000026,131.00000000000026,145.0000000000002
North Dakota,FY 2011,1769,1066.0000000000007,788.9999999999997,703.0000000000005,230.0000000000002,116.00000000000033,118.99999999999989
North Dakota,FY 2012,1887,1108.999999999999,856.0000000000006,777.9999999999987,211.0000000000001,115.99999999999986,154.99999999999966
North Dakota,FY 2013,2012,1226.9999999999984,951.0000000000002,784.9999999999999,237.0000000000005,134.9999999999997,103.9999999999999
North Dakota,FY 2014,2178,1365,998.9999999999994,813.0000000000016,261.99999999999983,152.99999999999983,96.00000000000004
North Dakota,FY 2015,2331.9999999999986,1358.999999999999,1037.0000000000027,975.9999999999992,296.0000000000005,172.00000000000023,133.0000000000002
North Dakota,FY 2016,2388.0000000000023,1406.9999999999993,1075.0000000000007,990.9999999999977,355.00000000000057,242.00000000000014,132.0000000000002
North Dakota,FY 2017,2460.9999999999995,1495.0000000000034,1085.999999999999,970.0000000000026,396.0000000000008,283.9999999999996,162.00000000000057
North Dakota,FY 2018,2613.0000000000023,1576.0000000000055,1165.0000000000018,1043.0000000000007,429.00000000000034,331.99999999999994,172.00000000000043
Ohio,FY 2009,22305,12232.000000000042,8787.999999999958,10073.000000000002,3379.9999999999973,2962.9999999999864,1452.9999999999825
Ohio,FY 2010,21025,11940.000000000084,9260.000000000002,9085.000000000007,3013.0000000000014,2687.000000000007,1438.000000000005
Ohio,FY 2011,21540,12068.999999999887,9933.999999999962,9470.999999999998,2788.999999999991,2483.9999999999936,1419.9999999999925
Ohio,FY 2012,21233,11876.999999999922,9551.000000000036,9356.000000000015,2655.000000000009,2277.000000000001,1250.000000000001
Ohio,FY 2013,21435,12222.999999999975,9874.99999999992,9211.999999999976,2976.0000000000086,2590.9999999999927,1243.999999999991
Ohio,FY 2014,21859,12519.000000000022,9923.999999999915,9340.00000000001,2941.9999999999754,2643.9999999999923,1405.999999999995
Ohio,FY 2015,22533,13204.999999999964,10359.999999999929,9328.000000000005,3009.999999999998,2643.0000000000186,1334.0000000000186
Ohio,FY 2016,23646,13725,10771.999999999985,9921.000000000073,3200.999999999991,2730.000000000001,1449.0000000000148
Ohio,FY 2017,25195,14960.99999999988,11845.000000000035,10233.999999999922,3372.999999999984,2936.000000000001,1538.0000000000111
Ohio,FY 2018,26744,15729.999999999965,12325.000000000062,11013.999999999984,3579.0000000000036,3116.999999999995,1566.0000000000182
Oklahoma,FY 2009,15274,8693.999999999984,4716.999999999993,6580.000000000006,3425.0000000000086,2277.999999999996,1563.9999999999964
Oklahoma,FY 2010,13056,7846.000000000019,4334.99999999998,5210,2869.000000000003,1913.0000000000025,1627.9999999999884
Oklahoma,FY 2011,12639,8286.99999999999,4835.999999999996,4352.00000000001,2961.0000000000073,1872.0000000000068,1293.9999999999923
Oklahoma,FY 2012,13622,9120.000000000015,5384.999999999995,4502,2804.999999999994,1585.000000000001,1532.999999999997
Oklahoma,FY 2013,15077,10535.00000000005,6032.999999999985,4541.999999999998,3237.9999999999977,1754.0000000000023,1285.999999999995
Oklahoma,FY 2014,16345,11457.000000000038,5860.000000000023,4887.999999999998,3972.9999999999936,2259.9999999999977,1381.999999999993
Oklahoma,FY 2015,16841,11163.000000000053,5457.999999999961,5678.000000000009,4287.999999999995,2254.999999999999,2159.000000000012
Oklahoma,FY 2016,16273,10061.999999999984,5197.000000000021,6211.000000000012,4366.0000000000155,2398.9999999999886,2487
Oklahoma,FY 2017,15139,9314.999999999958,5127.9999999999845,5823.999999999998,4075.000000000009,2091.0000000000005,2593.000000000009
Oklahoma,FY 2018,13954,8633.999999999989,4697.00000000001,5319.999999999996,4013.999999999998,1937.0000000000105,2238.0000000000077
Oregon,FY 2009,13393,8649.999999999995,4600.999999999994,4743.000000000025,1839.9999999999998,1238.0000000000005,1101.0000000000066
Oregon,FY 2010,13263,9001.00000000002,4826.000000000014,4262.00000000003,1826.9999999999804,1067.9999999999939,780.0000000000099
Oregon,FY 2011,12991,8530.999999999965,4250.000000000007,4459.9999999999845,1829.9999999999977,1253.9999999999993,657.0000000000058
Oregon,FY 2012,12515,8685.999999999996,4214.9999999999745,3829.0000000000173,1873.0000000000011,1385,682.9999999999961
Oregon,FY 2013,12226,8202.000000000004,3797.0000000000055,4023.999999999982,1853.9999999999968,1308.0000000000032,768
Oregon,FY 2014,11062,7394.999999999978,3534.0000000000055,3667.000000000009,1896.9999999999964,1585.9999999999911,847.0000000000019
Oregon,FY 2015,10899,7388.00000000001,3913.9999999999964,3511.0000000000036,1756.9999999999964,1393.9999999999993,835.0000000000052
Oregon,FY 2016,10816,7630.999999999978,3864.999999999999,3185.0000000000095,1665.9999999999966,1235.999999999996,767.9999999999995
Oregon,FY 2017,11149,7972.000000000002,4138.000000000032,3177.000000000008,1613.0000000000034,1196.9999999999989,706.9999999999974
Oregon,FY 2018,10912,7577.000000000002,3565.999999999993,3335.0000000000186,1791.9999999999977,1255.9999999999995,679.0000000000002
Pennsylvania,FY 2009,34393,22009.999999999716,16353.999999999878,12382.99999999993,3356.000000000027,1692.9999999999964,2243.000000000002
Pennsylvania,FY 2010,32641,21342.00000000011,16525.999999999938,11298.999999999993,2908.9999999999986,1571.0000000000036,2364.999999999981
Pennsylvania,FY 2011,25151,14315.00000000004,10687.000000000022,10835.999999999962,2065.9999999999854,1276.9999999999993,2012.9999999999752
Pennsylvania,FY 2012,23523,14514.999999999973,10288.999999999987,9007.99999999999,1923.9999999999905,1258.0000000000016,1881.0000000000257
Pennsylvania,FY 2013,22955.000000000044,14269.999999999996,9788.000000000004,8685.999999999962,1908.9999999999993,1246.0000000000011,1892.0000000000186
Pennsylvania,FY 2014,24293,14837.999999999924,10945.99999999996,9454.999999999995,1896.0000000000045,1209.99999999999,1849.0000000000173
Pennsylvania,FY 2015,25388,16080.999999999882,11289.999999999904,9306.99999999989,2425.0000000000123,1402.9999999999966,1832.000000000018
Pennsylvania,FY 2016,25822,16086.000000000078,10899.000000000075,9736.000000000011,3091.9999999999754,1611.9999999999939,1917.0000000000127
Pennsylvania,FY 2017,26552,16890.99999999996,10998.000000000011,9660.999999999973,3711.000000000014,2068,2077.000000000001
Pennsylvania,FY 2018,26497,16566.00000000006,10154.999999999996,9930.999999999996,3763.0000000000177,2255.999999999982,2628.000000000035
Puerto Rico,FY 2009,4398.000000000001,3582.0000000000023,1032.9999999999998,817.9999999999989,39.999999999999964,3.9999999999999982,201.99999999999972
Puerto Rico,FY 2010,5320.0000000000055,4100.999999999997,1782.9999999999989,1251.999999999998,76.00000000000004,6.000000000000028,116.00000000000004
Puerto Rico,FY 2011,5005,4362.99999999999,1230.0000000000016,641.9999999999999,745.9999999999998,57.99999999999991,56.000000000000306
Puerto Rico,FY 2012,4772,4309.999999999997,922.0000000000011,462.00000000000006,822.0000000000014,19.00000000000008,46.99999999999963
Puerto Rico,FY 2013,4833.999999999996,4196.999999999989,1343.9999999999993,637.0000000000015,797.0000000000002,23.99999999999998,19.000000000000068
Puerto Rico,FY 2014,4239.999999999999,3696.000000000003,760.0000000000011,545.000000000002,688.0000000000014,12.999999999999993,10.99999999999999
Puerto Rico,FY 2015,4417.999999999999,4189.999999999997,496.0000000000011,297.0000000000002,263.0000000000004,29.000000000000092,19.000000000000057
Puerto Rico,FY 2016,4446.000000000008,4264.0000000000055,361.9999999999997,253.00000000000014,257.9999999999994,27.000000000000057,0
Puerto Rico,FY 2017,4693.999999999992,4539.000000000006,372.00000000000034,196.00000000000017,300.00000000000017,30.000000000000007,0
Puerto Rico,FY 2018,2354,2231.0000000000005,752.0000000000005,122.99999999999997,279.00000000000136,10.99999999999999,39.00000000000024
Rhode Island,FY 2009,3716,2112.000000000006,1446.9999999999968,1604.0000000000057,332.99999999999966,200.00000000000034,271.99999999999994
Rhode Island,FY 2010,3466,2085.9999999999973,1464.999999999998,1380.0000000000007,308.99999999999955,177.00000000000003,184.0000000000003
Rhode Island,FY 2011,3209,1806.0000000000068,1219.000000000001,1403.0000000000016,267.00000000000074,148.0000000000001,201.00000000000009
Rhode Island,FY 2012,2935,1706.9999999999943,1234.0000000000014,1227.9999999999977,222.0000000000002,129.00000000000028,190.99999999999986
Rhode Island,FY 2013,2902,1788.9999999999995,1253.9999999999998,1113.0000000000007,250.0000000000003,112.99999999999991,162.0000000000007
Rhode Island,FY 2014,2973.0000000000014,1798.0000000000023,1320.0000000000007,1180.0000000000032,212.00000000000114,103.00000000000011,201.9999999999997
Rhode Island,FY 2015,2948,1837.999999999999,1224.0000000000014,1109.9999999999995,303.0000000000004,113.99999999999999,211.00000000000043
Rhode Island,FY 2016,2868,1654.0000000000023,1087.0000000000005,1213.9999999999986,296.0000000000002,109.99999999999984,279.0000000000003
Rhode Island,FY 2017,2863,1845.9999999999977,1262.9999999999975,1017.0000000000018,317,108.0000000000001,250.0000000000007
Rhode Island,FY 2018,3108.999999999998,2002.9999999999998,1322.9999999999993,1106.9999999999993,315.99999999999926,102.00000000000006,254.00000000000009
South Carolina,FY 2009,8725,4978.000000000008,3721.9999999999936,3746.9999999999945,1862.0000000000036,923.0000000000015,513.0000000000025
South Carolina,FY 2010,8290,4487.00000000001,3393.0000000000055,3803.000000000009,1698.9999999999961,857.0000000000011,528.9999999999969
South Carolina,FY 2011,7354,3821.0000000000136,2937.9999999999877,3533.000000000009,1415,673.9999999999991,588.0000000000002
South Carolina,FY 2012,6522,3112.9999999999936,2796.000000000001,3409.000000000011,1335.999999999999,585.0000000000001,776.0000000000016
South Carolina,FY 2013,5989,3187.9999999999923,2939.000000000005,2801.000000000004,1225.9999999999995,598.999999999999,505.9999999999995
South Carolina,FY 2014,6520,3460.9999999999864,3406.999999999979,3058.999999999991,1210.9999999999966,564.0000000000002,449.00000000000085
South Carolina,FY 2015,7038,3726.000000000003,3644.000000000002,3312,1212.9999999999998,540.0000000000008,402.99999999999727
South Carolina,FY 2016,7413,3967.9999999999864,3757.999999999995,3444.9999999999973,1343.9999999999975,557.9999999999994,433.0000000000026
South Carolina,FY 2017,7579,4040.9999999999927,3685.999999999998,3537.999999999996,1469.999999999996,526.9999999999998,486.99999999999807
South Carolina,FY 2018,8047,4456.000000000006,4097.999999999992,3591.000000000002,1591.0000000000057,594.0000000000017,435.0000000000004
South Dakota,FY 2009,2865,1484.000000000001,1448.000000000003,1380.9999999999977,379.9999999999998,310.000000000001,167.00000000000014
South Dakota,FY 2010,2892,1485.0000000000048,1458.9999999999995,1407,418.0000000000003,336.99999999999915,133.00000000000014
South Dakota,FY 2011,2836,1407.0000000000002,1406.9999999999977,1428.9999999999995,375.9999999999993,315.0000000000007,168.00000000000048
South Dakota,FY 2012,2543,1399.0000000000052,1190.0000000000002,1144.0000000000018,397.0000000000008,313.0000000000004,126.00000000000018
South Dakota,FY 2013,2296,1253.0000000000043,929.9999999999999,1043.000000000001,353.9999999999994,280.99999999999943,177.0000000000002
South Dakota,FY 2014,2187,1174.0000000000011,956.0000000000011,1013.0000000000008,335.9999999999995,292.0000000000007,158.99999999999957
South Dakota,FY 2015,2179,1279.999999999999,1039.0000000000005,899.0000000000006,308.0000000000006,255.99999999999974,121.00000000000016
South Dakota,FY 2016,2377,1416.0000000000043,1150.9999999999993,961.0000000000011,361.00000000000057,284.00000000000034,110.00000000000018
South Dakota,FY 2017,2571,1603.0000000000005,1184.0000000000005,967.9999999999993,365.0000000000005,313.0000000000004,181.00000000000017
South Dakota,FY 2018,2705,1560.0000000000005,1144.0000000000023,1144.9999999999995,371.00000000000176,345.00000000000017,183.00000000000009
Tennessee,FY 2009,11063,6050.000000000008,5631.999999999973,5013.000000000002,1019.0000000000003,883.0000000000068,1000.9999999999931
Tennessee,FY 2010,11026,6007.000000000016,5886.000000000019,5018.999999999997,788.9999999999978,688.9999999999992,972.0000000000097
Tennessee,FY 2011,11289,6974.999999999994,6310.000000000016,4313.999999999998,792.0000000000006,638.0000000000008,772.0000000000015
Tennessee,FY 2012,12225,7439.99999999996,6430.999999999994,4785.000000000003,948.9999999999986,779.0000000000008,813.0000000000066
Tennessee,FY 2013,12844,7763.000000000025,6699.999999999994,5081.000000000002,1076.9999999999948,891.9999999999957,1159.9999999999905
Tennessee,FY 2014,11929,7342.00000000001,5402.000000000006,4586.999999999988,1178.0000000000043,950.9999999999994,1161.9999999999952
Tennessee,FY 2015,12188.000000000005,7599.000000000064,5979.00000000001,4591.000000000024,1267.999999999998,1055.9999999999925,1112.0000000000039
Tennessee,FY 2016,12480,7694.000000000029,6015.000000000023,4785.999999999995,1301,1111.9999999999975,1224.9999999999945
Tennessee,FY 2017,13246,8557.999999999998,6679.000000000001,4688.000000000008,1321.9999999999982,1066.9999999999957,1259.9999999999916
Tennessee,FY 2018,14170,8929.000000000005,6887.999999999983,5240.999999999996,1625.0000000000064,998.9999999999927,1248.0000000000018
Texas,FY 2009,40846,26685.999999999996,12769.000000000031,14160.000000000005,12843.999999999898,9318.000000000038,4975.999999999975
Texas,FY 2010,42658,28947.0000000001,16109.000000000042,13711.000000000042,13108.000000000024,8747.999999999982,4708.999999999973
Texas,FY 2011,45826,30108.99999999989,16902.999999999967,15717.000000000062,13480.999999999947,9119.999999999929,4718.000000000019
Texas,FY 2012,46505,29612.999999999978,16619.000000000036,16891.999999999967,13154.000000000047,9000.999999999995,5039.00000000005
Texas,FY 2013,46286,29625.000000000233,16919.999999999865,16660.999999999924,12991.000000000096,8806.999999999936,5442.999999999941
Texas,FY 2014,46777.00000000017,30357.99999999965,17356.999999999734,16420.000000000106,13238.000000000067,8825.000000000051,5221.00000000001
Texas,FY 2015,47492,29989.999999999916,17318.999999999953,17502.000000000087,12643.000000000107,8879.00000000002,5457.000000000007
Texas,FY 2016,48962.99999999995,30737.999999999985,19193.000000000062,18226.99999999992,12376.999999999984,8330.000000000031,5723.000000000003
Texas,FY 2017,50330.99999999987,32150.000000000153,19839.999999999905,18182.999999999894,13443.000000000045,8549.000000000016,5360.999999999994
Texas,FY 2018,52360.99999999987,32960.00000000071,20497.000000000076,19403.000000000073,13822.000000000016,8887.999999999987,5747.999999999935
Utah,FY 2009,4725,2759.000000000006,2059.999999999999,1966.0000000000025,565.0000000000003,337.9999999999998,502.00000000000097
Utah,FY 2010,4928,2885.9999999999995,2225.9999999999973,2041.999999999996,553.0000000000009,307,573.9999999999973
Utah,FY 2011,4855,2701.0000000000123,2033.9999999999982,2153.9999999999995,566.9999999999999,336.9999999999999,576.9999999999994
Utah,FY 2012,4897,2813.0000000000127,2262.0000000000005,2084.000000000004,570.000000000001,306.9999999999996,561.9999999999989
Utah,FY 2013,4881,2709.000000000011,2182.0000000000023,2171.9999999999986,611.9999999999984,421.00000000000074,587.0000000000016
Utah,FY 2014,5031,2959.9999999999914,2393.0000000000005,2070.999999999995,629.0000000000013,364.00000000000017,605.0000000000034
Utah,FY 2015,5110,2703.9999999999923,2270.0000000000014,2405.999999999997,593.9999999999997,294.9999999999998,695.0000000000001
Utah,FY 2016,4997,2838.0000000000086,2365.0000000000005,2159.000000000002,629.9999999999993,304.00000000000176,631.9999999999949
Utah,FY 2017,5062,2954.0000000000055,2284.0000000000055,2107.999999999998,801.9999999999997,385.99999999999994,664.9999999999964
Utah,FY 2018,4874,2610.9999999999873,1978.9999999999952,2263.0000000000005,728.0000000000005,387.0000000000014,818.0000000000027
Vermont,FY 2009,1707,1061.999999999997,549.9999999999999,646.9999999999993,231.0000000000002,165.99999999999997,156.0000000000005
Vermont,FY 2010,1579.0000000000011,933.0000000000002,555.0000000000001,652.9999999999994,180.00000000000048,136.99999999999997,161.00000000000026
Vermont,FY 2011,1546.0000000000014,1009.9999999999989,664.0000000000002,542.0000000000005,196.00000000000028,135.00000000000003,133.99999999999977
Vermont,FY 2012,1565.9999999999998,974.9999999999987,605.9999999999998,596.0000000000005,225.9999999999999,158.99999999999986,172.00000000000026
Vermont,FY 2013,1604.0000000000002,970.9999999999998,677,634.0000000000002,213.00000000000028,170.99999999999972,178.9999999999999
Vermont,FY 2014,1721.0000000000016,1123.0000000000007,788.0000000000005,599.9999999999987,231.99999999999926,197.9999999999995,164.00000000000003
Vermont,FY 2015,2045,1332.0000000000016,957.9999999999999,713.0000000000001,303.9999999999999,192.99999999999991,189.00000000000028
Vermont,FY 2016,2072,1323.0000000000016,775.9999999999999,750.9999999999994,386.9999999999989,243.99999999999991,215.9999999999998
Vermont,FY 2017,2013.0000000000014,1269.9999999999982,756.0000000000009,744.9999999999998,328.9999999999993,239.99999999999997,286.99999999999966
Vermont,FY 2018,2044.9999999999998,1307.9999999999986,881.0000000000001,740,323.9999999999997,233.00000000000026,261.9999999999997
Virginia,FY 2009,9338,5967.999999999982,2634.000000000008,3368.999999999989,1616.9999999999927,1065.9999999999993,662.9999999999997
Virginia,FY 2010,8555.00000000001,5414.000000000005,2779.000000000006,3143.0000000000055,1561.999999999999,1266.9999999999989,746.9999999999997
Virginia,FY 2011,7836.000000000003,4845.999999999997,2614.0000000000164,2990.9999999999945,1371.9999999999968,954.0000000000001,755.0000000000066
Virginia,FY 2012,7507,4579.000000000008,2652.999999999997,2928.0000000000005,1519.0000000000011,1096.9999999999993,638.9999999999993
Virginia,FY 2013,7182.000000000005,4326.999999999987,2582.9999999999914,2855.999999999996,1502.9999999999966,1051.9999999999955,709.0000000000038
Virginia,FY 2014,7393,4597.000000000004,3039.9999999999964,2795.999999999999,1531.9999999999943,1101.000000000004,631.9999999999966
Virginia,FY 2015,7479.0000000000055,4734.999999999998,2879.0000000000023,2745.0000000000005,1708.0000000000002,1124.9999999999982,561.9999999999975
Virginia,FY 2016,7782,4889.999999999993,2940.0000000000036,2891.9999999999927,1886.0000000000023,1321.9999999999989,626.999999999999
Virginia,FY 2017,7634.999999999999,4794.999999999994,2741.0000000000064,2842.0000000000023,1826.0000000000043,1306.9999999999973,801
Virginia,FY 2018,7754.000000000004,4915.000000000012,2940.000000000004,2848.999999999997,1765.9999999999977,1090.9999999999993,879.0000000000045
Washington,FY 2009,17433,10960.999999999953,5914.00000000001,6471.999999999986,3146.999999999993,2016.9999999999973,1633.9999999999877
Washington,FY 2010,16077,10135.999999999955,6248.999999999992,5941.000000000016,3088.9999999999995,1740.9999999999884,1632.999999999992
Washington,FY 2011,15055,9533.000000000002,5642.999999999992,5522.000000000009,2782.9999999999923,1340.0000000000057,1582.9999999999943
Washington,FY 2012,14685,9606.000000000031,5298.9999999999845,5079.000000000023,2859.999999999998,1324.0000000000014,1227.0000000000002
Washington,FY 2013,15222,10208.000000000031,5755.9999999999845,5013.999999999976,3100.9999999999886,1489.0000000000034,1327.999999999995
Washington,FY 2014,16154,10630.000000000004,6070.000000000021,5524.000000000016,3213.0000000000064,1624.9999999999955,1361.9999999999936
Washington,FY 2015,16170,10664.99999999997,5704.000000000014,5504.999999999999,3074.999999999987,1566.9999999999939,1484.0000000000084
Washington,FY 2016,16252,10958.99999999997,5736.000000000024,5293.000000000003,3277.999999999996,1574.9999999999968,1387.0000000000111
Washington,FY 2017,16778,11354.999999999995,5922.000000000009,5422.999999999999,3568.999999999991,1730.000000000006,1345.0000000000134
Washington,FY 2018,16821,11398.999999999982,5568.000000000028,5422.000000000004,3732.999999999995,1966.0000000000061,1331.0000000000016
West Virginia,FY 2009,7276,4236.999999999994,2999.9999999999927,3039,1219.9999999999975,1055.999999999998,540.9999999999973
West Virginia,FY 2010,7085,4112.000000000006,2954.9999999999964,2973.0000000000105,1240.9999999999968,1013.0000000000024,662.0000000000032
West Virginia,FY 2011,7505,4475.000000000007,3486,3030.0000000000027,1474.0000000000016,1163.9999999999982,698.0000000000006
West Virginia,FY 2012,7394,4561.999999999997,3460.0000000000105,2832.0000000000036,1407.0000000000025,1039.000000000003,631.9999999999966
West Virginia,FY 2013,7906,4389.000000000016,3467.000000000009,3517.000000000003,1363.9999999999998,1004.9999999999947,877.0000000000016
West Virginia,FY 2014,8069,4555.999999999997,3824.99999999999,3512.999999999992,1387.9999999999982,1044.9999999999998,852.0000000000016
West Virginia,FY 2015,8417,4958.9999999999945,3950.000000000013,3457.9999999999945,1455.9999999999948,1031,892.9999999999933
West Virginia,FY 2016,9440,5972.999999999996,4624.999999999984,3467.0000000000064,2147.0000000000005,1455.0000000000036,940.0000000000058
West Virginia,FY 2017,10441,6633.000000000018,4922.999999999998,3807.9999999999986,2402.9999999999986,1710.9999999999945,1069.000000000003
West Virginia,FY 2018,11567,7138.00000000001,5080.999999999971,4429.000000000014,2375.999999999995,1751.9999999999995,1399.000000000007
Wisconsin,FY 2009,11714.999999999995,6796.000000000027,4567.999999999982,4920.000000000011,1256.000000000005,620.0000000000026,768.9999999999999
Wisconsin,FY 2010,11035,6574.999999999983,4523.000000000019,4464.999999999992,1159.0000000000007,556.0000000000002,755.0000000000057
Wisconsin,FY 2011,10833.000000000004,6546.999999999965,4442.00000000001,4292.000000000005,1162.9999999999998,642.9999999999993,717.0000000000024
Wisconsin,FY 2012,10785.000000000004,6384.00000000002,4431.999999999997,4402.999999999978,1129.0000000000005,612.9999999999977,761.0000000000048
Wisconsin,FY 2013,10852.000000000013,6539.000000000027,4668.000000000002,4315.0000000000055,1153.0000000000034,592.0000000000011,800.0000000000049
Wisconsin,FY 2014,11157.99999999999,6918.0000000000355,4818.000000000019,4241.000000000008,1148.0000000000011,586.0000000000022,734.9999999999991
Wisconsin,FY 2015,11451,7090.99999999998,4700.0000000000155,4359.999999999987,1267.0000000000034,664.9999999999976,642.999999999998
Wisconsin,FY 2016,11621,7382.000000000003,4783.000000000002,4239.000000000006,1389.000000000001,763.999999999996,668.9999999999912
Wisconsin,FY 2017,12226.000000000015,7721.000000000011,5174.999999999976,4512.000000000021,1397.0000000000007,726.0000000000001,691.9999999999969
Wisconsin,FY 2018,12539.000000000064,7819.000000000012,4986.000000000032,4723.999999999994,1404.0000000000018,662.9999999999976,755.0000000000053
Wyoming,FY 2009,2179,1084.0000000000007,1132.0000000000018,1094.9999999999986,98.00000000000017,57.99999999999991,76.00000000000023
Wyoming,FY 2010,1933,938.9999999999997,975,994,110.9999999999998,55.000000000000064,74.99999999999999
Wyoming,FY 2011,1843,863.9999999999999,984.0000000000007,979.0000000000034,130.0000000000003,65.00000000000013,72.99999999999991
Wyoming,FY 2012,1779,949.0000000000003,976.000000000001,830.0000000000002,114.99999999999996,56.999999999999964,81.00000000000021
Wyoming,FY 2013,1890,980.9999999999986,1004.9999999999998,908.9999999999991,84.99999999999996,26.000000000000025,86.00000000000014
Wyoming,FY 2014,1879,985.0000000000016,978.9999999999993,893.9999999999997,80.99999999999997,12.999999999999993,74.99999999999999
Wyoming,FY 2015,2082,1081.9999999999998,1141.0000000000011,999.9999999999995,69.00000000000016,20.000000000000046,74.00000000000014
Wyoming,FY 2016,2011,993.0000000000003,986,1017.9999999999983,60.99999999999994,22.000000000000043,89.00000000000014
Wyoming,FY 2017,2062,1084.9999999999982,1134.000000000001,977.0000000000025,69.00000000000003,16.999999999999975,81.99999999999999
Wyoming,FY 2018,2098,1091.0000000000016,1067.9999999999998,1007.0000000000001,122.00000000000034,41.99999999999999,74.99999999999997
